{
    "ams": {
        "Switch Bros. Basis Paket": "https://github.com/Switch-Bros/SwitchBros_BasisPaket/releases/download/110/SwitchBros_BasisPaket.zip",
        "Switch Bros. Daten Paket": "https://github.com/Switch-Bros/SwitchBros_BasisPaket/releases/download/110/SwitchBros_DatenPaket.zip"
    },
    "misc": {
        "Switch Bros. ThemeApps Paket": "https://github.com/Switch-Bros/SwitchBros_BasisPaket/releases/download/110/SwitchBros_ThemeAppsPaket.zip"
        "Switch Bros. LAN-Play Paket": "https://github.com/Switch-Bros/SwitchBros_BasisPaket/releases/download/110/SwitchBros_LAN-PlayPaket.zip"
    }
}