{
  "title": "ovl-sysmodule",
  "author": "WerWolv",
  "category": "advanced",
  "version": "1.3.0",
  "url": "https://github.com/WerWolv/ovl-sysmodules/releases",
  "license": "GPLv2",
  "description": "A sysmodule selector for Tesla",
  "details": "A Tesla overlay that allows you to toggle sysmodules on the fly",
  "changelog": "1.3.0\\n\\nToggling a Sysmodule from On to Off now also automatically prevents it from auto starting.\\nIf you'd still like to have the sysmodule auto start and only have it disabled until the next reboot, you can override it by pressing Y instead.\\n\\n1.2.2\\n\\nUpdate for latest Atmosphere + libnx hid changes\\n\\n1.2.1\\n\\nUpdated nx-ovlloader ProgramID to prevent killing it after the update\\n\\n1.2.0\\n\\n@HookedBehemoth decided to redo the entire thing building a much prettier interface and add some extra features:\\n\\nAdded ability to toggle sysmodules that need a reboot\\nAdded ability to toggle sysmodule auto booting\\nRedid the UI to make it look a lot cleaner\\nUpdated to libtesla v1.3.1 to make use of all the new features\\n\\n1.1.0\\n\\nCompatibility update for latest libtesla release"
}