{
  "title": "NX-Shell",
  "author": "joel16",
  "category": "tool",
  "version": "4.01",
  "url": "https://github.com/joel16/NX-Shell/releases",
  "license": "GPLv3",
  "description": "File Manager",
  "details": "(Multi purpose file manager) to the Nintendo Switch.\\n\\n\\nFeatures:\\nDelete files and folders.\\nCopy/Move files and folders.\\nRename files and folders (standard switch keyboard).\\nCreate files and folders (standard switch keyboard).\\nDisplays file size\\nImage viewer (GIF, JPG, PNG, WEBP)\\nDisplays animated GIFs.\\nExtract various archives such as ZIP, RAR, 7Z, ISO 9660, AR, XAR and others supported by libarchive.\\nSorting options (Sort by name, date, size).\\nToggle dark theme.\\nAudio playback. (Following formats are supported: FLAC, IT, MOD, MP3, OGG, OPUS, S3M and WAV)\\nTouch screen in most cases.",
  "changelog": "4.01\\n\\nFixed rename bug introduced in v4.00\\nAdded option to disable extended font support. (Initially disabled by default -- this boosts the application start up speed)\\nAfter USB is unmounted via settings the device state will now be properly switch back to sdmc.\\n\\n3.20\\n\\nAdded support for extracting .ZIP archives.\\nFixed crashes when trying to exit the application after opening an image.\\nNow uses Use libnsbmp to decode BMP files. (This fixes issues loading certain BMP files).\\nDisabled window padding when displaying images so that the full screen images (1280x720) aren't bound to a scroll bar.\\nAdded a popup for viewing image properties such as filename, width and height. (Use the 'X' button to open this popup after opening an image).\\nAdded an option under settings to toggle filename display when viewing images.\\nAdded an option under settings to toggle logs. (Any failed FS functions will be logged if this option is enabled. Useful for debugging purposes). A restart of the application is required if this is enabled/disabled.\\nInitial implementation of a text reader for reading logs/configs (eventually to evolve into to an editor).\\nMany other under the hood changes/cleanups and consistency changes.\\n\\n3.10\\n\\nFixed crash when last open directory is a TitleID.\\nA storage bar is displayed below the current working directory indicator. (Based on the current active file system)\\nNX-Shell can now open various images formats. (BMP, GIF, JPG/JPEG, PGM, PPM, PNG, PSD, TGA and WEBP)\\nA progress bar will be displayed when files are being copied.\\nAdded checkboxes to select multiple files for copying/moving and deleting. (Only works if you're working from one directory)\\nAdded an option to select all checkboxes in a directory.\\nAdded an option to clear all selected files in a directory. (Note this also clears the copy/move path in the clipboard)\\nMinor UI adjustments. (Alignment fixes, popups/windows being out of place, better spacing between buttons, etc.)\\nNow based on Dear ImGui v1.7.8.\\nDisabled Dear ImGui's inifilename config.\\nFurther improvements to overall system stability and other minor adjustments have been made to enhance the user experience. (No but really though, there have been many under the hood changes, clean-ups and improvements)\\n\\n\\n3.01\\n\\nPlease delete the imgui.ini file before running this version, it will be regenerated with the accurate window size. This should fix the weird window issue introduced in the last release.\\n\\nThis build is currently in beta to gather feedback and improve the current codebase. A lot of NX-Shell's old features and functionalities are missing in this version. Some features may be deprecated entirely, and new ones may be introduced.\\n\\n3.00\\n\\n** This build is currently in beta to gather feedback and improve the current codebase. A lot of NX-Shell's old features and functionalities are missing in this version. Some features may be deprecated entirely, and new ones may be introduced. **\\n\\nFeatures:\\n\\nDelete files and folders.\\nCopy/Move files and folders.\\nRename files and folders (standard switch keyboard).\\nCreate files and folders (standard switch keyboard).\\nDisplays file properties such as size, time created, modified and accessed.\\nSorting options (Sort by name, date, size).\\nSet archive bit.\\n\\nUpdate: Controller input fixes, recompiled NRO from nightly build.\\n\\n2.11\\n\\nThis is a hot fix for v2.10 which resulted in issues with file deleting, copy/move etc. This also addresses the system version 9.00 fix.\\n\\nChange-log:\\n\\nFix FS logic which resulted in files not being deleted, copied or moved.\\nDisplay a message when deleting a file until it has been removed. (A progress bar is shown for deleting multiple files).\\n\\n2.10\\n\\nPlease note: The ebook reading feature has been removed, for more information look here. This is a minor release only updated for the urgent system version 9.00+ fix.\\n\\nChange-log:\\n\\nFix for system version v9.00+.\\nCleaned up audio decoder functions and updated dr_libs (flac/wav decoders)\\nOnly log data if developer options are enabled.\\nCleaned up FS functions and fix read/write for libnx v2.3.0\\nRemoved some unused textures and unnecessary scaling.\\nConserve zoom and rotation when navigating images (Vuelos)\\nDisable sleep for FTP mode, some FS functions (Cut/Copy) and in audio player.\\nClose the menu-bar when a device is selected.\\nHandle mounting other devices better. (No more redundant functions calls)\\nFix cancel button not reverting option menu in the second page.\\nRemove many redundant calls, and overall code clean up.\\n\\n\\n2.00\\n\\nUpdated SDL_FontCache as well as SDL2 to latest revisions available.\\nMajor music player changes:\\nAdded support for the following formats: IT, FLAC, MOD, OPUS, S3M and XM.\\nAll audio files now display timestamps (current and duration) as well as a progress bar.\\nAll audio formats display metadata (album, artist, title, etc) if found. Formats such as MP3, FLAC, OPUS will display a cover image if found.\\nAll audio formats are seekable via the touch screen. Simply drag your finger across the progress bar to select a location to seek to.\\nImplemented libarchive support:\\nAllows for the extraction of .7z, AR, ISO 9660, RAR, ZIP, AR, XAR as well as some other formats supported by libarchive.\\nDisplay a dialog asking for the user's confirmation before extracting an archive since some can take a while.\\nRemove usbComm service initialization which wasn't used and caused a crash on FW 7.0X+.\\nProperly make use of transparency when displaying dialogs, progress bars, and the menu bar.\\nAdded support for viewing .webp images.\\nDefault to 'No' for file deletion.\\nCleanup fake heap when setting a custom heap which caused RetroArch to crash if it was opened after closing NX-Shell.\\nDisplay a simple error dialog for failed file system functions. (an error code as well as the function that failed would be displayed).\\nFixed use of blend mode under SDL2 which caused transparency issues in some cases.\\n\\n1.20\\n\\nNow uses official software keyboard with text validation for creating/renaming folders and files.\\nRefactored FS code to support copying to/from other mount points. (copying files now uses internal fs functions)\\nProperly get free/max storage for each partition using FS rather than NS.\\nFixed progress bar from incorrectly blending into the background.\\nUpdate SDL_FontCache to v0.10 and revert back to using the Roboto font - which now properly displays accented characters such as é.\\nDisplay MP3 id3v2 cover art image if found.\\n\\n1.10\\n\\nBetter word wrapping on all platforms\\nFixed script errors that can prevent progress\\n\\n1.05\\n\\nNote: If you're updating this from an older version, it is recommended to delete your /switch/NX-Shell/ folder before you install this update. This is the last version where you'll have to do this. Future updates will automatically handle this.\\n\\nFeatures:\\n\\nMake use of the GPU hardware acceleration.\\nSwitch to internal FS functions to display directory list.\\nAdded config version to config files - If a new version is found where the config file needs to be changed, it will automatically be deleted and regenerated.\\nReplaced the executable icon with something more dark theme friendly.\\nLocal time is now supported.\\nDisplays file permissions in properties.\\nDisplay storage bar for current mounted device. (some devices/mount points don't have this)\\nAllow user to browse other user partitions from menu bar. (Very little can be done at this time, since it seems FS functions are locked out of using them).\\nLock applet during write/cut/copy/delete processes.\\nAdded a \"More...\" button in file options.\\nAdded a \"Refresh\" button refresh directory list.\\nAdded a \"New file\" button to create an empty file.\\nAdded a button to set archive bit on checked directories or currently highlighted/selected directories. - This\\nfeature is a work in progress. Don't use this with any important directories unless you know what you're\\ndoing. This feature can only be accessed if \"Developer options\" is enabled.\\nAdded a new options in Settings called \"Developer options\". If this toggle is set, any FS function that fails to execute properly will be logged in a file called debug.log, which can be found in /switch/NX-Shell/debug.log.\\nWrap CWD display if it gets too long.\\nImprove book reader controls in landscape mode (Right stick right/left should zoom in/out in landscape mode)\\n\\nFixes:\\n\\nFix last saved directories not properly being read due to having spaces in their names.\\nFix automatic scroll when selecting a checkbox.\\nFix exit key (PLUS) in music player, image viewer and settings.\\nBook reader no longer displays status bar after every page. Only displayed during zooming or if screen is touched in the middle or outside touch area depending on the orientation.\\nMany under the hood changes\\n\\n1.04\\n\\nFix progress bar colour in dark theme.\\nFix OSK highlighted colour.\\nFix 'B' causing refresh when attempting to navigate to parent directory.\\nImage viewer/Music Player: Only populate the directory list with entries once to avoid issues.\\nUse delta time for animation.\\nBook Reader: Fix next/prev in landscape mode.\\nFix sorting options not being loaded properly from config."
}