{
  "title": "ftpd",
  "author": "mtheall, TuxSH",
  "category": "tool",
  "version": "3.1.0",
  "url": "https://github.com/mtheall/ftpd/releases/",
  "license": "",
  "description": "FTP Server for Switch",
  "details": "This is a port of ftpd for 3DS.\\nTo use it, run the application and then connect to your Switch's IP with an ftp program on port 5000.\\n\\n\\nContains both standard and classic versions.",
  "changelog": "3.1.0\\n\\nAccess Point mode on Switch\\nReset button for configuration\\nUpdate to Dear ImGui 1.83\\nGeneral system stability improvements to enhance the user’s experience\\n\\n3.0.0\\n\\nEven better graphics than ever (Dear ImGui backend)\\nNDS support\\nExit button changed from B to PLUS/START\\nUser/Password support\\nScrollable log\\nStatus icons/text (battery/wifi/time)\\n\"Classic\" builds retain console interface\\nFurther improvements to overall system stability and other minor adjustments have been made to enhance the user experience\\n\\n2.3.1\\n\\nRebuild against latest toolchains\\nFurther improvements to overall system stability and other minor adjustments have been made to enhance the user experience\\n\\n2.3\\n\\nNew Supported Commands:\\nMLSD\\nMLST\\nSIZE\\nOther Features:\\nSwitch support\\nBacklight toggle (Start button)\\nMore compatibility with non-compliant clients\\nFurther improvements to overall system stability and other minor adjustments have been made to enhance the user experience\\n\\n2.2.0-947dc137\\nShow local IP address on Switch correctly."
}