{
    "UNAVAILABLE_SELECTION": "No disponible",
    "OVERLAYS": "Superposiciones",
    "OVERLAY": "Superposición",
    "HIDDEN_OVERLAYS": "Superposiciones Ocultas",
    "PACKAGES": "Paquetes",
    "PACKAGE": "Paquete",
    "HIDDEN_PACKAGES": "Paquetes Ocultos",
    "HIDDEN": "Oculto",
    "HIDE_OVERLAY": "Ocultar Superposición",
    "HIDE_PACKAGE": "Ocultar Paquete",
    "LAUNCH_ARGUMENTS": "Argumentos de Inicio",
    "COMMANDS": "Comandos",
    "SETTINGS": "Configuración",
    "MAIN_SETTINGS": "Configuración Principal",
    "UI_SETTINGS": "UI Settings",
    "WIDGET": "Widget",
    "CLOCK": "Clock",
    "BATTERY": "Battery",
    "SOC_TEMPERATURE": "SOC Temperature",
    "PCB_TEMPERATURE": "PCB Temperature",
    "VERSION_LABELS": "Version Labels",
    "KEY_COMBO": "Combinación de Teclas",
    "LANGUAGE": "Idioma",
    "OVERLAY_INFO": "Overlay Info",
    "SOFTWARE_UPDATE": "Actualización de Software",
    "UPDATE_ULTRAHAND": "Update Ultrahand",
    "UPDATE_LANGUAGES": "Update Languages",
    "ROOT_PACKAGE": "Paquete Raíz",
    "SORT_PRIORITY": "Prioridad de Orden",
    "FAILED_TO_OPEN": "No se pudo abrir el archivo",
    "CLEAN_LABELS": "Etiquetas Limpias",
    "OVERLAY_LABELS": "Etiquetas de Superposición",
    "PACKAGE_LABELS": "Etiquetas de Paquete",
    "ON": "Encendido",
    "OFF": "Apagado",
    "PACKAGE_INFO": "Información del Paquete",
    "TITLE": "Title",
    "VERSION": "Versión",
    "CREATOR": "Creador(es)",
    "ABOUT": "Acerca de",
    "CREDITS": "Credits",
    "OK": "Aceptar",
    "BACK": "Atrás",
    "REBOOT": "Reiniciar",
    "SHUTDOWN": "Apagar",
    "GAP_1": "     ",
    "GAP_2": "  ",
    "SUNDAY": "Domingo",
    "MONDAY": "Lunes",
    "TUESDAY": "Martes",
    "WEDNESDAY": "Miércoles",
    "THURSDAY": "Jueves",
    "FRIDAY": "Viernes",
    "SATURDAY": "Sábado",
    "JANUARY": "Enero",
    "FEBRUARY": "Febrero",
    "MARCH": "Marzo",
    "APRIL": "Abril",
    "MAY": "Mayo",
    "JUNE": "Junio",
    "JULY": "Julio",
    "AUGUST": "Agosto",
    "SEPTEMBER": "Septiembre",
    "OCTOBER": "Octubre",
    "NOVEMBER": "Noviembre",
    "DECEMBER": "Diciembre",
    "SUN": "Dom",
    "MON": "Lun",
    "TUE": "Mar",
    "WED": "Mié",
    "THU": "Jue",
    "FRI": "Vie",
    "SAT": "Sáb",
    "JAN": "Ene",
    "FEB": "Feb",
    "MAR": "Mar",
    "APR": "Abr",
    "MAY_ABBR": "Mayo",
    "JUN": "Jun",
    "JUL": "Jul",
    "AUG": "Ago",
    "SEP": "Sep",
    "OCT": "Oct",
    "NOV": "Nov",
    "DEC": "Dic"
}
