{
    "UNAVAILABLE_SELECTION": "Sélection non disponible",
    "OVERLAYS": "Superpositions",
    "OVERLAY": "Superposition",
    "HIDDEN_OVERLAYS": "Superpositions Cachées",
    "PACKAGES": "Paquets",
    "PACKAGE": "Paquet",
    "HIDDEN_PACKAGES": "Paquets Cachés",
    "HIDDEN": "Caché",
    "HIDE_OVERLAY": "Cacher la superposition",
    "HIDE_PACKAGE": "Cacher le paquet",
    "LAUNCH_ARGUMENTS": "Arguments de lancement",
    "COMMANDS": "Commandes",
    "SETTINGS": "Paramètres",
    "MAIN_SETTINGS": "Paramètres principaux",
    "UI_SETTINGS": "UI Settings",
    "WIDGET": "Widget",
    "CLOCK": "Clock",
    "BATTERY": "Battery",
    "SOC_TEMPERATURE": "SOC Temperature",
    "PCB_TEMPERATURE": "PCB Temperature",
    "VERSION_LABELS": "Version Labels",
    "KEY_COMBO": "Combinaison de touches",
    "LANGUAGE": "Langue",
    "OVERLAY_INFO": "Overlay Info",
    "SOFTWARE_UPDATE": "Mise à jour logicielle",
    "UPDATE_ULTRAHAND": "Update Ultrahand",
    "UPDATE_LANGUAGES": "Update Languages",
    "ROOT_PACKAGE": "Paquet Racine",
    "SORT_PRIORITY": "Priorité de tri",
    "FAILED_TO_OPEN": "Échec de l'ouverture du fichier",
    "CLEAN_LABELS": "Étiquettes propres",
    "OVERLAY_LABELS": "Étiquettes de superposition",
    "PACKAGE_LABELS": "Étiquettes de paquet",
    "ON": "Activer",
    "OFF": "Désactiver",
    "PACKAGE_INFO": "Informations sur le paquet",
    "TITLE": "Title",
    "VERSION": "Version",
    "CREATOR": "Créateur(s)",
    "ABOUT": "À propos",
    "CREDITS": "Credits",
    "OK": "OK",
    "BACK": "Retour",
    "REBOOT": "Redémarrer",
    "SHUTDOWN": "Arrêter",
    "GAP_1": "     ",
    "GAP_2": "  ",
    "SUNDAY": "Dimanche",
    "MONDAY": "Lundi",
    "TUESDAY": "Mardi",
    "WEDNESDAY": "Mercredi",
    "THURSDAY": "Jeudi",
    "FRIDAY": "Vendredi",
    "SATURDAY": "Samedi",
    "JANUARY": "Janvier",
    "FEBRUARY": "Février",
    "MARCH": "Mars",
    "APRIL": "Avril",
    "MAY": "Mai",
    "JUNE": "Juin",
    "JULY": "Juillet",
    "AUGUST": "Août",
    "SEPTEMBER": "Septembre",
    "OCTOBER": "Octobre",
    "NOVEMBER": "Novembre",
    "DECEMBER": "Décembre",
    "SUN": "Dim",
    "MON": "Lun",
    "TUE": "Mar",
    "WED": "Mer",
    "THU": "Jeu",
    "FRI": "Ven",
    "SAT": "Sam",
    "JAN": "Janv",
    "FEB": "Fév",
    "MAR": "Mar",
    "APR": "Avr",
    "MAY_ABBR": "Mai",
    "JUN": "Juin",
    "JUL": "Juil",
    "AUG": "Août",
    "SEP": "Sept",
    "OCT": "Oct",
    "NOV": "Nov",
    "DEC": "Déc"
}
