{
    "UNAVAILABLE_SELECTION": "Selezione non disponibile",
    "OVERLAYS": "Sovrapposizioni",
    "OVERLAY": "Sovrapposizione",
    "HIDDEN_OVERLAYS": "Sovrapposizioni nascoste",
    "PACKAGES": "Pacchetti",
    "PACKAGE": "Pacchetto",
    "HIDDEN_PACKAGES": "Pacchetti nascosti",
    "HIDDEN": "Nascosto",
    "HIDE_OVERLAY": "Nascondi Sovrapposizione",
    "HIDE_PACKAGE": "Nascondi Pacchetto",
    "LAUNCH_ARGUMENTS": "Argomenti di Avvio",
    "COMMANDS": "Comandi",
    "SETTINGS": "Impostazioni",
    "MAIN_SETTINGS": "Impostazioni Principali",
    "UI_SETTINGS": "UI Settings",
    "WIDGET": "Widget",
    "CLOCK": "Clock",
    "BATTERY": "Battery",
    "SOC_TEMPERATURE": "SOC Temperature",
    "PCB_TEMPERATURE": "PCB Temperature",
    "VERSION_LABELS": "Version Labels",
    "KEY_COMBO": "Combinazione di Tasti",
    "LANGUAGE": "Lingua",
    "OVERLAY_INFO": "Overlay Info",
    "SOFTWARE_UPDATE": "Aggiornamento Software",
    "SOFTWARE_UPDATE": "Software Update",
    "UPDATE_ULTRAHAND": "Update Ultrahand",
    "UPDATE_LANGUAGES": "Update Languages",
    "ROOT_PACKAGE": "Pacchetto Principale",
    "SORT_PRIORITY": "Priorità di Ordinamento",
    "FAILED_TO_OPEN": "Apertura del File Non Riuscita",
    "CLEAN_LABELS": "Etichette Pulite",
    "OVERLAY_LABELS": "Etichette Sovrapposte",
    "PACKAGE_LABELS": "Etichette del Pacchetto",
    "ON": "Acceso",
    "OFF": "Spento",
    "PACKAGE_INFO": "Info Pacchetto",
    "TITLE": "Title",
    "VERSION": "Versione",
    "CREATOR": "Creatore(i)",
    "ABOUT": "Info",
    "CREDITS": "Credits",
    "OK": "OK",
    "BACK": "Indietro",
    "REBOOT": "Riavvia",
    "SHUTDOWN": "Spegni",
    "GAP_1": "     ",
    "GAP_2": "  ",
    "SUNDAY": "Domenica",
    "MONDAY": "Lunedì",
    "TUESDAY": "Martedì",
    "WEDNESDAY": "Mercoledì",
    "THURSDAY": "Giovedì",
    "FRIDAY": "Venerdì",
    "SATURDAY": "Sabato",
    "JANUARY": "Gennaio",
    "FEBRUARY": "Febbraio",
    "MARCH": "Marzo",
    "APRIL": "Aprile",
    "MAY": "Maggio",
    "JUNE": "Giugno",
    "JULY": "Luglio",
    "AUGUST": "Agosto",
    "SEPTEMBER": "Settembre",
    "OCTOBER": "Ottobre",
    "NOVEMBER": "Novembre",
    "DECEMBER": "Dicembre",
    "SUN": "Dom",
    "MON": "Lun",
    "TUE": "Mar",
    "WED": "Mer",
    "THU": "Gio",
    "FRI": "Ven",
    "SAT": "Sab",
    "JAN": "Gen",
    "FEB": "Feb",
    "MAR": "Mar",
    "APR": "Apr",
    "MAY_ABBR": "Mag",
    "JUN": "Giu",
    "JUL": "Lug",
    "AUG": "Ago",
    "SEP": "Set",
    "OCT": "Ott",
    "NOV": "Nov",
    "DEC": "Dic"
}
