{
    "UNAVAILABLE_SELECTION": "利用不可",
    "OVERLAYS": "オーバーレイ",
    "OVERLAY": "オーバーレイ",
    "HIDDEN_OVERLAYS": "非表示のオーバーレイ",
    "PACKAGES": "パッケージ",
    "PACKAGE": "パッケージ",
    "HIDDEN_PACKAGES": "非表示のパッケージ",
    "HIDDEN": "非表示",
    "HIDE_OVERLAY": "オーバーレイ非表示",
    "HIDE_PACKAGE": "パッケージ非表示",
    "LAUNCH_ARGUMENTS": "起動引数",
    "COMMANDS": "コマンド",
    "SETTINGS": "設定",
    "MAIN_SETTINGS": "メイン設定",
    "UI_SETTINGS": "UI Settings",
    "WIDGET": "Widget",
    "CLOCK": "Clock",
    "BATTERY": "Battery",
    "SOC_TEMPERATURE": "SOC Temperature",
    "PCB_TEMPERATURE": "PCB Temperature",
    "VERSION_LABELS": "Version Labels",
    "KEY_COMBO": "キーコンボ",
    "LANGUAGE": "言語",
    "OVERLAY_INFO": "Overlay Info",
    "SOFTWARE_UPDATE": "ソフトウェアアップデート",
    "UPDATE_ULTRAHAND": "Update Ultrahand",
    "UPDATE_LANGUAGES": "Update Languages",
    "ROOT_PACKAGE": "ルートパッケージ",
    "SORT_PRIORITY": "並べ替え優先度",
    "FAILED_TO_OPEN": "ファイルを開けませんでした",
    "CLEAN_LABELS": "クリーン ラベル",
    "OVERLAY_LABELS": "オーバーレイ ラベル",
    "PACKAGE_LABELS": "パッケージ ラベル",
    "ON": "オン",
    "OFF": "オフ",
    "PACKAGE_INFO": "パッケージ情報",
    "TITLE": "Title",
    "VERSION": "バージョン",
    "CREATOR": "作成者",
    "ABOUT": "情報",
    "CREDITS": "Credits",
    "OK": "決定",
    "BACK": "戻る",
    "REBOOT": "再起動",
    "SHUTDOWN": "シャットダウン",
    "GAP_1": "    ",
    "GAP_2": "  ",
    "SUNDAY": "日曜日",
    "MONDAY": "月曜日",
    "TUESDAY": "火曜日",
    "WEDNESDAY": "水曜日",
    "THURSDAY": "木曜日",
    "FRIDAY": "金曜日",
    "SATURDAY": "土曜日",
    "JANUARY": "1月",
    "FEBRUARY": "2月",
    "MARCH": "3月",
    "APRIL": "4月",
    "MAY": "5月",
    "JUNE": "6月",
    "JULY": "7月",
    "AUGUST": "8月",
    "SEPTEMBER": "9月",
    "OCTOBER": "10月",
    "NOVEMBER": "11月",
    "DECEMBER": "12月",
    "SUN": "日",
    "MON": "月",
    "TUE": "火",
    "WED": "水",
    "THU": "木",
    "FRI": "金",
    "SAT": "土",
    "JAN": "1月",
    "FEB": "2月",
    "MAR": "3月",
    "APR": "4月",
    "MAY_ABBR": "5月",
    "JUN": "6月",
    "JUL": "7月",
    "AUG": "8月",
    "SEP": "9月",
    "OCT": "10月",
    "NOV": "11月",
    "DEC": "12月"
}
