{
    "UNAVAILABLE_SELECTION": "Niet beschikbaar",
    "OVERLAYS": "Overlays",
    "OVERLAY": "Overlay",
    "HIDDEN_OVERLAYS": "Verborgen overlays",
    "PACKAGES": "Pakketten",
    "PACKAGE": "Pakket",
    "HIDDEN_PACKAGES": "Verborgen pakketten",
    "HIDDEN": "Verborgen",
    "HIDE_OVERLAY": "Verberg Overlay",
    "HIDE_PACKAGE": "Verberg Pakket",
    "LAUNCH_ARGUMENTS": "Start Argumenten",
    "COMMANDS": "Opdrachten",
    "SETTINGS": "Instellingen",
    "MAIN_SETTINGS": "Hoofdinstellingen",
    "UI_SETTINGS": "UI Settings",
    "WIDGET": "Widget",
    "CLOCK": "Clock",
    "BATTERY": "Battery",
    "SOC_TEMPERATURE": "SOC Temperature",
    "PCB_TEMPERATURE": "PCB Temperature",
    "VERSION_LABELS": "Version Labels",
    "KEY_COMBO": "Toetscombinatie",
    "LANGUAGE": "Taal",
    "OVERLAY_INFO": "Overlay Info",
    "SOFTWARE_UPDATE": "Software-update",
    "UPDATE_ULTRAHAND": "Update Ultrahand",
    "UPDATE_LANGUAGES": "Update Languages",
    "ROOT_PACKAGE": "Hoofdpakket",
    "SORT_PRIORITY": "Sorteer prioriteit",
    "FAILED_TO_OPEN": "Kon bestand niet openen",
    "CLEAN_LABELS": "Schone Labels",
    "OVERLAY_LABELS": "Overlay Labels",
    "PACKAGE_LABELS": "Pakket Labels",
    "ON": "Aan",
    "OFF": "Uit",
    "PACKAGE_INFO": "Pakketinformatie",
    "TITLE": "Title",
    "VERSION": "Versie",
    "CREATOR": "Maker(s)",
    "ABOUT": "Over",
    "CREDITS": "Credits",
    "OK": "OK",
    "BACK": "Terug",
    "REBOOT": "Herstarten",
    "SHUTDOWN": "Afsluiten",
    "GAP_1": "     ",
    "GAP_2": "  ",
    "SUNDAY": "Zondag",
    "MONDAY": "Maandag",
    "TUESDAY": "Dinsdag",
    "WEDNESDAY": "Woensdag",
    "THURSDAY": "Donderdag",
    "FRIDAY": "Vrijdag",
    "SATURDAY": "Zaterdag",
    "JANUARY": "Januari",
    "FEBRUARY": "Februari",
    "MARCH": "Maart",
    "APRIL": "April",
    "MAY": "Mei",
    "JUNE": "Juni",
    "JULY": "Juli",
    "AUGUST": "Augustus",
    "SEPTEMBER": "September",
    "OCTOBER": "Oktober",
    "NOVEMBER": "November",
    "DECEMBER": "December",
    "SUN": "Zon",
    "MON": "Maa",
    "TUE": "Din",
    "WED": "Woe",
    "THU": "Don",
    "FRI": "Vri",
    "SAT": "Zat",
    "JAN": "Jan",
    "FEB": "Feb",
    "MAR": "Mrt",
    "APR": "Apr",
    "MAY_ABBR": "Mei",
    "JUN": "Jun",
    "JUL": "Jul",
    "AUG": "Aug",
    "SEP": "Sep",
    "OCT": "Okt",
    "NOV": "Nov",
    "DEC": "Dec"
}
