{
    "UNAVAILABLE_SELECTION": "Indisponível",
    "OVERLAYS": "Sobreposições",
    "OVERLAY": "Sobreposição",
    "HIDDEN_OVERLAYS": "Sobreposições Ocultas",
    "PACKAGES": "Pacotes",
    "PACKAGE": "Pacote",
    "HIDDEN_PACKAGES": "Pacotes Ocultos",
    "HIDDEN": "Oculto",
    "HIDE_OVERLAY": "Ocultar Sobreposição",
    "HIDE_PACKAGE": "Ocultar Pacote",
    "LAUNCH_ARGUMENTS": "Argumentos de Inicialização",
    "COMMANDS": "Comandos",
    "SETTINGS": "Configurações",
    "MAIN_SETTINGS": "Configurações Principais",
    "UI_SETTINGS": "UI Settings",
    "WIDGET": "Widget",
    "CLOCK": "Clock",
    "BATTERY": "Battery",
    "SOC_TEMPERATURE": "SOC Temperature",
    "PCB_TEMPERATURE": "PCB Temperature",
    "VERSION_LABELS": "Version Labels",
    "KEY_COMBO": "Combinação de Teclas",
    "LANGUAGE": "Idioma",
    "OVERLAY_INFO": "Overlay Info",
    "SOFTWARE_UPDATE": "Atualização de Software",
    "UPDATE_ULTRAHAND": "Update Ultrahand",
    "UPDATE_LANGUAGES": "Update Languages",
    "ROOT_PACKAGE": "Pacote Principal",
    "SORT_PRIORITY": "Prioridade de Ordenação",
    "FAILED_TO_OPEN": "Falha ao Abrir",
    "CLEAN_LABELS": "Rótulos Limpos",
    "OVERLAY_LABELS": "Rótulos de Sobreposição",
    "PACKAGE_LABELS": "Rótulos de Pacote",
    "ON": "Ligado",
    "OFF": "Desligado",
    "PACKAGE_INFO": "Informações do Pacote",
    "TITLE": "Title",
    "VERSION": "Versão",
    "CREATOR": "Criador(es)",
    "ABOUT": "Sobre",
    "CREDITS": "Credits",
    "OK": "OK",
    "BACK": "Voltar",
    "REBOOT": "Reiniciar",
    "SHUTDOWN": "Desligar",
    "GAP_1": "     ",
    "GAP_2": "  ",
    "SUNDAY": "Domingo",
    "MONDAY": "Segunda-feira",
    "TUESDAY": "Terça-feira",
    "WEDNESDAY": "Quarta-feira",
    "THURSDAY": "Quinta-feira",
    "FRIDAY": "Sexta-feira",
    "SATURDAY": "Sábado",
    "JANUARY": "Janeiro",
    "FEBRUARY": "Fevereiro",
    "MARCH": "Março",
    "APRIL": "Abril",
    "MAY": "Maio",
    "JUNE": "Junho",
    "JULY": "Julho",
    "AUGUST": "Agosto",
    "SEPTEMBER": "Setembro",
    "OCTOBER": "Outubro",
    "NOVEMBER": "Novembro",
    "DECEMBER": "Dezembro",
    "SUN": "Dom",
    "MON": "Seg",
    "TUE": "Ter",
    "WED": "Qua",
    "THU": "Qui",
    "FRI": "Sex",
    "SAT": "Sáb",
    "JAN": "Jan",
    "FEB": "Fev",
    "MAR": "Mar",
    "APR": "Abr",
    "MAY_ABBR": "Mai",
    "JUN": "Jun",
    "JUL": "Jul",
    "AUG": "Ago",
    "SEP": "Set",
    "OCT": "Out",
    "NOV": "Nov",
    "DEC": "Dez"
}
