{
    "UNAVAILABLE_SELECTION": "没有可供选择的文件",
    "OVERLAYS": "插件列表",
    "OVERLAY": "插件",
    "HIDDEN_OVERLAYS": "不常用插件",
    "PACKAGES": "多款插件包",
    "PACKAGE": "插件包",
    "HIDDEN_PACKAGES": "不常用的插件包",
    "HIDDEN": "已隐藏",
    "HIDE_OVERLAY": "隐藏插件",
    "HIDE_PACKAGE": "隐藏插件包",
    "LAUNCH_ARGUMENTS": "开发者模式",
    "COMMANDS": "系统控制",
    "SETTINGS": "其他设置",
    "MAIN_SETTINGS": "主要设置",
    "UI_SETTINGS": "界面UI设置",
    "WIDGET": "其他接口设置",
    "CLOCK": "时间显示",
    "BATTERY": "电池电量显示",
    "SOC_TEMPERATURE": "芯片温度显示",
    "PCB_TEMPERATURE": "主板温度显示",
    "VERSION_LABELS": "版本代号显示",
    "KEY_COMBO": "按键配置",
    "LANGUAGE": "语言",
    "OVERLAY_INFO": "插件信息",
    "SOFTWARE_UPDATE": "Ultrahand更新菜单",
    "UPDATE_ULTRAHAND": "更新主程序",
    "UPDATE_LANGUAGES": "更新语言包",
    "ROOT_PACKAGE": "插件包初始页",
    "SORT_PRIORITY": "优先级顺序",
    "FAILED_TO_OPEN": "未能打开该文件夹",
    "CLEAN_LABELS": "刪除插件代号",
    "OVERLAY_LABELS": "插件代号",
    "PACKAGE_LABELS": "插件包代号",
    "ON": "启用",
    "OFF": "停用",
    "PACKAGE_INFO": "插件包信息",
    "TITLE": "名称",
    "VERSION": "版本号",
    "CREATOR": "作者",
    "ABOUT": "关于",
    "CREDITS": "贡献",
    "OK": "确定",
    "BACK": "返回",
    "REBOOT": "重启机器",
    "SHUTDOWN": "关闭机器",
    "GAP_1": "     ",
    "GAP_2": "  ",
    "SUNDAY": "周日",
    "MONDAY": "周一",
    "TUESDAY": "周二",
    "WEDNESDAY": "周三",
    "THURSDAY": "周四",
    "FRIDAY": "周五",
    "SATURDAY": "周六",
    "JANUARY": "1月",
    "FEBRUARY": "2月",
    "MARCH": "3月",
    "APRIL": "4月",
    "MAY": "5月",
    "JUNE": "6月",
    "JULY": "7月",
    "AUGUST": "8月",
    "SEPTEMBER": "9月",
    "OCTOBER": "10月",
    "NOVEMBER": "11月",
    "DECEMBER": "12月",
    "SUN": "周日",
    "MON": "周一",
    "TUE": "周二",
    "WED": "周三",
    "THU": "周四",
    "FRI": "周五",
    "SAT": "周六",
    "JAN": "1月",
    "FEB": "2月",
    "MAR": "3月",
    "APR": "4月",
    "MAY_ABBR": "5月",
    "JUN": "6月",
    "JUL": "7月",
    "AUG": "8月",
    "SEP": "9月",
    "OCT": "10月",
    "NOV": "11月",
    "DEC": "12月"
}
