{
  "title": "TegraExplorer",
  "author": "suchmememanyskill",
  "category": "advanced",
  "version": "4.0.1-hotfix3",
  "url": "https://github.com/suchmememanyskill/TegraExplorer/releases",
  "license": "GPLv2",
  "description": "A payload-based file manager for your switch!",
  "details": "A payload-based file explorer for your switch!\\n\\nUsage\\nGet your favorite payload injector\\nInject TegraExplorer as a payload\\nNavigate around the menus using the vol+, vol- and power buttons\\n\\nFunctions\\nNavigate the SD card\\nNavigate the System partition of your sysnand/sysmmc\\nInteract with files\\nDeleting, copying or moving files\\nLaunching payloads files\\nViewing the hex data of a file\\nInteracting with folders\\nDeleting or copying folders\\nDumping your current firmware to sd\\nFormatting the sd card\\nSupport\\nFor general CFW support, go to the Nintendo Homebrew discord\\n\\nFor question specifically for TegraExplorer, go to my discord\\n\\nCredits\\nBased on Lockpick_RCM, and thus also based on Hekate\\n\\nLots of help from:\\n\\nshchmue\\nDenn",
  "changelog": "4.0.1-hotfix3\\n\\nHotfix for key dumping on firmware 15.0.0, brought to you by @FlyingBananaTree!\\n\\n4.0.1-hotfix2\\n\\nThis is a hotfix to support fw 14.0.0, added by @dezem. Thanks!\\n\\n4.0.1-hotfix\\n\\nThis is a hotfix of TE 4.0.1 that contains the new PKG1 of 13.2.1. I'm still working on a proper release\\n\\n4.0.1\\n\\nFixes an error regarding broken error text output.\\n\\n4.0.0\\n\\nTegraScript v3!\\nEmbedded scripts!\\nThe firmware dump script has been replaced by an embedded script, which also shows the actual firmware version now!\\nA System wipe (factory reset) script is also embedded into TegraExplorer now\\nScripts put in sd:/TegraExplorer/scripts now show up in the main menu\\nCompiling with the SCRIPT_ONLY define will allow you to embed more scripts due to more space\\nProbably more that i forgot\\n\\nThis release wouldn't have been possible without the help of @bleck9999 and @maddiethecafebabe. Big thanks to them!\\n\\n3.0.6\\n\\nAdds support to dump keys on 12.1.0\\n\\nNote: this also implements lockpick_rcm's handling of future firmwares™️, so these support updates should be less frequent\\nUpdate bdk\\n\\nAdd payload compression\\n\\nShow a key dump error upon entering an mmc partition without dumping keys\\n\\nFix displaying small files in the hex view\\n\\n3.0.5\\n\\nSmall update to support key dumping on 12.0.2\\n\\n3.0.4\\n\\nThis is a small update to support 12.0.0\\nAlso gives out a nicer error message if pkg1 is unknown, rather than scary hex\\n\\n3.0.3\\n\\nAdded partition encrypting and decrypting. For the end user, this is only noticable in that prodinfo is now dumped decrypted. (and during restoring encrypted). WARNING: there is no option currently to restore an encrypted prodinfo part\\nShow SD mount error when user attempts to mount sd\\n\\n3.0.2\\n\\nUpdated bdk to hekate 5.5.2\\nFix up some broken code in the controller logic (switch lites should now not freak out anymore)\\nAdd a reboot normally option in the main menu\\nAdd safeguards for mariko to be unable to reboot to rcm\\nFix an issue where if too much data was read from the internal storage, invalid data would be returned\\n\\n3.0.1\\n\\nA charging icon has been added\\nScreenshots have been added\\nScript fixes (see the TegraScript Repo for more detail)\\nFile deletion now has a 500ms wait time\\nThis release of TegraExplorer runs a lot faster when you have minerva on your sd card. This means that having the bootloader folder of hekate 5.1.0+ on your sd cards speeds things up a lot!\\n\\n2.0.5\\n\\nFixed biskey dumping on 11.0.0\\n\\n2.0.4\\n\\n.cmnt.nca style dumping (for daybreak) using a prod.keys file\\n\\n2.0.3\\n\\nLots of changes have been made to the TegraScript language. See the changelog there for the changes.\\nBisfile extraction has been cleaned up\\nMenu code has been cleaned up\\nSmall bugs have been fixed\\nPayload size has been reduced slightly\\nNote:\\nThis release of TegraExplorer runs a lot faster when you have minerva on your sd card. This means that having the bootloader folder of hekate 5.1.0+ on your sd cards speeds things up a lot!\\nIn this version of TegraExplorer some features are disabled unless you're running with minerva. Currently this is limited to taking screenshots\\n\\n2.0.2\\n\\nAdded\\nSave signing using a prod.keys file\\nFixed\\nSome various gfx bug fixes\\nFix scripts asking for confirmation on flashing files back\\nHopefully fix formatting (f_fdisk returned 1!)\\nRemoved\\nThe save dumping option in the tools menu is now gone. You can still do this via this tegrascript\\n\\n2.0.1\\n\\nSpeed up sd formats\\nLittle speed up in file copying\\nReduced file size a little\\n\\n2.0.0\\n\\nAdded\\nThe screen is now horizontal, The GUI has been tweaked to fit the new dimensions\\nA scroll bar has been added\\nAdditional info is displayed on the right side of the screen\\nJoycon support has been added\\nThis also means the TegraScript Language has changed to reflect this\\nDue to having more buttons, a way to input text has been added. This means you can add folders, rename folders and rename files when you have both joycons connected\\nIf you do not have the joycons on your system, LeftUp is vol+, LeftDown is vol-, and A is power\\nYou can take a screenshot by pressing the screenshot button on the left joycon\\nCurrent controls:\\nUp/Down: Left stick up/down\\nSelect: A\\nBack: B\\nFast Up/Down: Right stick up/down\\nScreenshot: Capture button\\nFixed\\nLoading into folders is now a lot faster as the way file sizes are cached changed\\nNavigating around folders is now a lot faster as the way screen updates has changed\\n(some) spelling errors have been corrected\\nNote:\\nThis release of TegraExplorer runs a lot faster when you have minerva on your sd card. This means that having the bootloader folder of hekate 5.1.0+ on your sd cards speeds things up a lot!\\nIn this version of TegraExplorer some features are disabled unless you're running with minerva. Currently this is limited to taking screenshots\\n\\n\\n\\n1.5.2\\n\\nAdded\\nThe file size display has been altered\\ncoreboot.rom boot support\\nPKG1ID is shown on pkg1 dump failure\\nChanges to the TegraScript Language\\nFixed\\nPartition dumps and restores above 4gb had some trouble keeping track of it's %. This has been fixed. Yes this is kinda pointless as you can't even do this without modifying TE\\nMerge Lockpick_RCM changes\\nReduced file size by changing firmware dumps and save dumps\\nScreen scrolling (as in, scrolling the entire screen) is now about 10% faster\\n\\n1.5.1-hotfix\\n\\nSmall release to fix some bis dumping bugs and add the 10.0.0 pkg1 version\\n\\n1.5.1\\n\\nSome small bugs have been fixed and some misc stuff has changed in scripts. The changes to scripts have been listed in the TegraScript Repo\\n\\n1.5.0\\n\\nAdded\\nReworked TegraScript. You can find out more about this new scripting lang in the TegraScript repo to find out how to use it and to find some premade scripts\\nReworked the mmc view. Now you'll see the entirety of the gpt + boot01. (This makes interacting with gpt partitions easier)\\nFixed\\nHide errors inside scripts\\nGive accurate file count in the top right\\n\\n1.4.0\\n\\nAdded:\\n\\nAdded better warnings, with descriptions\\nRevamped gfx system\\nBis restoring, extracting, dumping\\nFixed:\\nLots of things. Stuff should be faster and more stable\\n\\n1.3.2\\n\\nFixes:\\n\\nFile based emummc's not mounting properly\\nFix errors after using copy_recursive()\\nAdded:\\n\\nBattery indicator\\n\\n1.3.1\\n\\nAdd 3 new scripting elements for future use in some of my guides\\n\\n1.3.0\\n\\nAdded\\nScripting\\nEmuMMC reading\\nFixed\\n\\npkg1id is now used as foldername for fw dumps to avoid conflicts\\nChanged some function behaviour internally\\nFolder attribs get copied correctly\\nThe first 16MiB get cleared now on a SD format\\nScripting:\\nScripts have an extension of .tegrascript . you can read more about them in the wiki\\n\\n1.2.1\\n\\nSD partitioning failing\\n\\n1.1.1\\n\\nFrom this release onward, partitions should be aligned by 1mb.\\n\\n1.1.0\\n\\nAdded User & Safe mounting!\\nFixed not being able to format with an invalid partition on the sd card\\n\\n1.0.2\\n\\nFixes issue #2 by preventing 32gb sd cards from being formatted for an emummc setup\\nFixes screen going fucky by scrolling in a list of folders\\nImproves on the Tools > Display Console Info menu\\nFixes some spelling\\n\\n1.0.1\\n\\nThis release fixes a mistake in TE 1.0.0 that made it format sd's to a cluster size of 8K, instead of the standard 32k. This would cause very slow performance of the sd card.\\n\\n1.0.0\\n\\nThe release marks the completion of the TegraExplorer rewrite.\\n\\nFeatures added:\\n\\nSD formatting\\nCopying between emmc and sd\\nHex viewing\\nNote:\\nThis release of TegraExplorer runs a lot faster when you have minerva on your sd card. This means that having the bootloader folder of hekate 5.1.0+ on your sd cards speeds things up a lot!\\n\\n\\n0.1.1\\n\\nadd 9.0 pkg1 which fixes tegraexplorer on 9.0"
}